Web Decisions,2007-01-01,"Web Decisions is a marketing database provider, data hygiene, data enhancement, predictive customer analytics.",10001,1000000,dd-info@deloitte.ca,(336)545-7817,,https://www.webdecisions.com,United States,North Carolina,27455,24 Flagship Cove,,https://www.webdecisions.com,https://www.facebook.com/deloitte-digital,https://www.twitter.com/webdecisions,https://www.linkedin.com/company-beta/1371446/?pathWildcard=1371446,,,,,,False,,,,0,0,,,BREAK,Marketing,Advertising,BREAK
RHM Ventures LLC,,"Seed capital financing company in Raleigh, NC.",,,,,,,United States,North Carolina,,,,,,,,,,,,,False,,,,0,1,,,BREAK,BREAK
DNSFilter,2015-10-01,DNS based web content filtering and threat protection,1,10,,,,https://dnsfilter.com,United States,South Carolina,29577,,,https://dnsfilter.com,https://www.facebook.com/dnsfilter,https://www.twitter.com/dnsfilter,https://www.linkedin.com/company/dnsfilter,,,,,,False,,,,735000,0,,,Ken,Carnesi,1985-01-01,,https://api.crunchbase.com/v3.1/people/ken-carnesi,Mike,Schroll,1982-12-01,"A TechStars Boston Alum, who's previously raised over 1MM. His background is in webhosting and Information Security, having founded ProHosters at age 17 (acquired by Carpathia Hosting in 2004), worked at ITA Software (acquired by Google in 2010) and Boston-based Veracode. He has a Bachelors of Science in Applied Networking Systems Administration from Rochester Institute of Technology, and a Masters in Engineering Management from Tufts University.",https://api.crunchbase.com/v3.1/people/mike-schroll,BREAK,Content,Web Browsers,Fraud Detection,BREAK
Ogletree Deakins,,Ogletree Deakins is one of the largest labor and employment law firms representing management in all types of employment.,5001,10000,,,,http://www.ogletreedeakins.com,United States,South Carolina,,,,http://www.ogletreedeakins.com,https://www.twitter.com/ogletreedeakins,,,,,,,,False,,,,0,0,,,BREAK,Consulting,BREAK
Horizon Scientific,1994-01-01,Horizon Scientific is a supplier of laboratory refrigerators and freezers.,,,,,,,United States,South Carolina,,,,,,,,,,,,,False,,,,0,0,,,BREAK,Biopharma,BREAK
Artizan Biosciences,,Artizan Biosciences,1,10,,,,https://www.elmvc.com/project/artizan-biosciences/,United States,North Carolina,,,,https://www.elmvc.com/project/artizan-biosciences/,,,,,,,,,False,,,,3000000,0,,,Marcel,de Zoete,,,https://api.crunchbase.com/v3.1/people/marcel-de-zoete,Noah,Palm,,,https://api.crunchbase.com/v3.1/people/noah-palm,BREAK,Biopharma,Life Science,Biotechnology,BREAK,Investment,Organization,[u'venture_capital'],2000-01-01,Hatteras Venture Partners is a North Carolina-based venture capital firm that finances biomedical companies.,0,63,,2017-02-06,True,FundingRound,,154384,,,,,1518479043,,2017-02-06
Old Dominion Freight Line,1934-01-01,"ODFL is a leading, less-than-truckload, union-free company providing premium service to all its customers.",10001,1000000,socialmedia@odfl.com,(336)889-5000,,http://www.odfl.com,United States,North Carolina,27360,500 Old Dominion Way,,http://www.odfl.com,https://www.facebook.com/OldDominionFreightLine,https://twitter.com/odfl_inc,https://www.linkedin.com/company/old-dominion-freight-line,,,,,,False,,nasdaq,ODFL,0,0,,,BREAK,Railroad,Transportation,BREAK
Tile Grout Carpet of America,1980-01-01,"Rug & Carpet Cleaning, Tile Cleaning, Grout Re-Coloring & Tiling Restoration",1,10,tilegroutcarpet@yahoo.com,(843)446-0235,,http://www.tilegroutcarpet.com/,United States,South Carolina,29577,830 44TH AVE. N UNIT X-4,,http://www.tilegroutcarpet.com/,https://www.facebook.com/tile-grout-carpet-of-america-997841030253446,,,,,,,,False,,,,0,0,,,BREAK,Real Estate,BREAK
Landrum Human Resource,,"human resource consulting firm, HR outsourcing, HR staffing, risk management solutions.",51,100,landrumhr7@yahoo.com,(828)299-3038,,http://www.landrumhr.com/,United States,North Carolina,28803,2 Walden Ridge Dr #15,,http://www.landrumhr.com/,https://www.facebook.com/landrumstaffing,https://www.twitter.com/landrumhr,https://www.linkedin.com/company/landrum-hr,,,,,,False,,,,0,0,,,BREAK,Human Resources,Risk Management,Consulting,BREAK
Tei Consulting Group,2012-10-15,"Tei Consulting Group is a marketing firm based in Charlotte, NC.",11,50,teiconsultinggroupinc@gmail.com,+7049101892,"[u'TCG', u'TEI Consulting Group', u'TCG Inc.']",http://teiconsultinggroup.com,United States,North Carolina,28273,10926 South Tryon Street,#e,http://teiconsultinggroup.com,https://www.facebook.com/TCGIncoporated/,https://twitter.com/TeiConsultingGR,https://www.linkedin.com/company/tei-consulting-group,,,,,,False,,,,0,0,,,Okletey,Wilson-tei,,,https://api.crunchbase.com/v3.1/people/okletey-wilson-tei,BREAK,Digital Marketing,Marketing,Consulting,BREAK
Clarendon School District Two,,Clarendon School District Two,,,changeme@changeme.org,803-435-4435,,http://www.clarendon2.k12.sc.us/,United States,South Carolina,29102,15 Major Dr.,,http://www.clarendon2.k12.sc.us/,https://www.facebook.com/clarendondistricttwo,,,,,,,,False,,,,0,1,,,BREAK,BREAK
Fortative,2016-10-12,Fortative provides startup consulting services to get you from idea to funding to traction to exit.,,,,(919) 322-8437,,http://fortative.com,United States,North Carolina,,,,http://fortative.com,https://twitter.com/For_tative,https://www.linkedin.com/company/fortative,,,,,,,False,,,,0,0,,,BREAK,FinTech,Consulting,Information Technology,BREAK
Slateplate,,"Slateplate™ is an innovative woman-owned company featuring strong, smooth hand-cut natural slate serving trays and boards.",1,10,info@slateplate.com,+1 (844) 287-5283,,http://www.slateplate.com,United States,North Carolina,27614,,,http://www.slateplate.com,https://www.facebook.com/slateplate,https://www.twitter.com/realslateplate,,,,,,,False,,,,0,0,,,BREAK,BREAK
Muddy Creek Café & Music Hall,2011-01-01,"Muddy Creek Cafe has a simple, yet delicious menu of sandwiches and salads.",,,,(336)923-8623,,http://www.muddycreekcafeandmusichall.com/,United States,North Carolina,27106,5455 BETHANIA ROAD,,http://www.muddycreekcafeandmusichall.com/,https://www.facebook.com/MuddyCreekCafe/,https://twitter.com/MuddyCreekCafe?ref_src=twsrc%5Egoogle%7Ctwcamp%5Eserp%7Ctwgr%5Eauthor,,,,,,,False,,,,10000,0,,,Shana,Whitehead,,,https://api.crunchbase.com/v3.1/people/shana-whitehead,BREAK,Wine And Spirits,Restaurants,Music,BREAK
Beowulf Systems ApS,,Custom computer programming services.,,,,,,,United States,South Carolina,2820,"Kildeskovsvej 53 Gentofte,",Hovedstaden,,,,,,,,,,False,,,,0,0,,,BREAK,Information Technology,BREAK
The Feeling Friends,2012-01-01,Meet the Feeling Friends' Book,,,karen@thefeelingfriends.com,(240) 501-2620,,https://thefeelingfriends.com/,United States,North Carolina,27106,3320 Robinhood Road,Suite 213,https://thefeelingfriends.com/,https://www.facebook.com/feelingfriends?ref=tn_tnmn,https://twitter.com/feelingfriends,,,,,,,False,,,,15000,0,,,Karen D.,Cuthrell,,,https://api.crunchbase.com/v3.1/people/karen-d-cuthrell,BREAK,Wellness,Media and Entertainment,Education,BREAK
Red Stone Equity Partners,2007-01-01,Tax-Credit Equity Fund & Asset Management,101,250,info@redstoneequity.com,216 820 4750,,http://rsequity.com/,United States,North Carolina,28210,6000 Fairview Road,Suite 550,http://rsequity.com/,https://www.linkedin.com/company/red-stone-equity-partners-llc,,,,,,,,False,,,,0,0,,,BREAK,Real Estate,BREAK
Alpha Funders,,Stealth Private Equity & Venture Capital Firm,,,info@alphafunders.com,,,,United States,North Carolina,28104,4212 McCamey Drive,,,,,,,,,,,False,,,,0,0,,,Jeff,Dayton,1960-11-01,"Advisor, angel investor, Tier 1 CTO, Venture leader",https://api.crunchbase.com/v3.1/people/jeff-dayton,BREAK,BREAK
101 Mobility LLC,,101 Mobility is your local provider of all things mobility and accessibility,51,100,info@101mobility.com,9103508032,,http://101mobility.com/,United States,North Carolina,28403,5221 Oleander Drive,,http://101mobility.com/,https://www.facebook.com/mobility101,https://www.twitter.com/101_mobility,https://www.linkedin.com/company/101-mobility,,,,,,False,,,,0,0,,,BREAK,BREAK
Carolina CAD Solutions,1982-01-01,Carolina CAD Solutions is a design software and digital content company.,1,10,,999 999 9999,,http://www.carolinacad.com,United States,North Carolina,27609,238 West Millbrook Road,,http://www.carolinacad.com,https://www.linkedin.com/company/carolina-cad-solutions-inc.,,,,,,,,False,,,,0,0,,,BREAK,CAD,Software,BREAK
TPM,1973-01-01,TPM is the Carolina’s 2D and 3D design technology provider.,101,250,,(704)527-7881,,http://www.tpm.com/,United States,North Carolina,27609,238 West Millbrook Road,,http://www.tpm.com/,https://www.facebook.com/tpminc,https://twitter.com/TPM_Inc,https://www.linkedin.com/company/tpm,,,,,,False,,,,0,0,,,BREAK,3D Technology,Software,BREAK
TetraData,1997-01-01,TetraData is a data-driven decision making solutions for K-12 educational institutions.,5001,10000,info@tetradata.com,(864)458-8243,,http://www.tetradata.com/,United States,South Carolina,29615,150 Executive Center Drive,Box 127,http://www.tetradata.com/,https://www.facebook.com/follettlearning,https://www.twitter.com/follettlearning,,,,,,,False,,,,4300000,0,,,BREAK,Education,BREAK
Ingles Markets,1963-01-01,"Ingles Markets, Inc. is an American regional supermarket chain based in Black Mountain, North Carolina.",10001,1000000,lmcgrath@ingles-markets.com,(828)669-2941,,http://www.ingles-markets.com,United States,North Carolina,28711,2913 Us Highway 70,,http://www.ingles-markets.com,https://www.facebook.com/inglesmarkets,https://twitter.com/inglesadvantage?lang=en,https://www.linkedin.com/company/ingles-markets-inc-,,,,,,False,,nasdaq,IMKTA,0,0,,,BREAK,Retail,BREAK
Sigma Electric Manufacturing Corp,1982-01-01,"Sigma Electric Manufacturing Corp is a manufacturer of ferrous and non-ferrous castings, precision machined components and sub-assemblies.",1001,5000,,(919)773-0011,,http://www.sigmaelectric.com/,United States,North Carolina,27529,120 Sigma Drive,,http://www.sigmaelectric.com/,https://www.linkedin.com/company/sigma-electric-manufacturing-corporation,,,,,,,,False,,,,0,0,,,BREAK,Industrial Manufacturing,Precious Metals,BREAK
Hotelnoid,2016-08-01,Hotelnoid is online catalog of all types accommodations throughout the globe.,,,,,,http://www.hotelnoid.com,United States,South Carolina,29577,1012 Ocala Street,,http://www.hotelnoid.com,,,,,,,,,False,,,,0,0,,,BREAK,E-Commerce,Internet,BREAK
VWebDevelopment,2012-03-08,We are the most coveted yet creative web development company named V web development imparting thriving web solutions across USA.,11,50,vwebdevelopment@gmail.com,(919)719-3928,,http://www.vwebdevelopment.com,United States,North Carolina,27601,555 FAYETTEVILLE,ST. STE. 201,http://www.vwebdevelopment.com,https://www.facebook.com/vwebdevelopment,https://twitter.com/we_development,https://www.linkedin.com/company/argalon-technologies,,,,,,False,,,,0,0,,,BREAK,Web Development,Web Design,BREAK
Eli Global LLC,1991-01-01,Eli Global LLC is an international information and financial services company.,5001,10000,kmillion@eliglobal.com,919-813-7649,,http://www.eliglobal.com/,United States,North Carolina,27713,2222 Sedwick Road,,http://www.eliglobal.com/,https://www.facebook.com/EliGlobal,https://www.twitter.com/eligloballlc,https://www.linkedin.com/company/eli-global,,,,,,False,,,,0,0,,,BREAK,Financial Services,BREAK
Carolinas Resource Recovery,2013-01-01,Carolinas Resource Recovery is a developer and operator of projects recovering value from waste resources.,1,10,info@carolinasresourcerecovery.com,2156457180,,http://www.carolinasresourcerecovery.com/,United States,North Carolina,28216,4826 Worth Place,,http://www.carolinasresourcerecovery.com/,https://www.facebook.com/carolinasresourcerecovery,https://www.linkedin.com/company/carolinas-resource-recovery,,,,,,,False,,,,0,0,,,BREAK,Renewable Energy,BREAK
US Play Coalition,,The US Play Coalition is a partnership to promote the value of play throughout life.,1001,5000,usplaycoalition@clemson.edu,+1 (864) 656-2525,,http://usplaycoalition.org/,United States,South Carolina,29634-0735,"Department of Parks, Recreation and Tourism Management","263 Lehotsky Hall, 128 McGinty Court",http://usplaycoalition.org/,https://www.facebook.com/usplaycoalition,https://www.twitter.com/usplaycoalition,https://www.linkedin.com/company/2449467,,,,,,False,,,,0,0,,,BREAK,BREAK
Omamo LLP (MyTractice),2016-02-05,A company focused on using technology to make the experience of teaching or learning to play a musical instrument more efficient.,,,,,[u'MyTractice'],http://www.mytractice.com,United States,North Carolina,27012,"6255 Towncenter Dr #820,",,http://www.mytractice.com,https://www.facebook.com/mytractice,https://www.twitter.com/mytractice,https://www.linkedin.com/company/omamo-llp,,,,,,False,,,,0,0,,,BREAK,Music Education,BREAK
Golf.com LLC,,"Golf.com offers live coverage, unique commentary, consumer products and services targeted to golf enthusiasts around the world.",1,10,editor@golf.com,919-573-8000,,https://www.golf.com,United States,North Carolina,27601,234 Fayetteville Street Mall,,https://www.golf.com,https://www.facebook.com/si.golf,https://www.twitter.com/golf_com,,,,,,,False,,,,0,0,,,BREAK,Software,Internet,BREAK
YakTrax Inc.,2001-01-01,"Yaktrax is the ultimate winter solution for people of all walks of life, providing ice traction devices & hand warmers designed",1,10,,800-446-7587,,https://www.yaktrax.com,United States,North Carolina,27709-3925,2001 T.W. Alexander Drive,,https://www.yaktrax.com,http://www.facebook.com/yaktrax,http://www.twitter.com/yaktrax,https://www.linkedin.com/company/yaktrax-inc,,,,,,False,,,,0,0,,,BREAK,Sports,BREAK
ShiftWizard,2007-01-01,"ShiftWizard makes healthcare staff scheduling & communication easy, so healthcare leaders can focus on improving patient outcomes.",11,50,info@shiftwizard.com,(866) 828-3318,,https://www.shiftwizard.com/,United States,North Carolina,27560,909 Aviation Pkwy.,Suite 700,https://www.shiftwizard.com/,https://www.facebook.com/ShiftWizard/,https://twitter.com/shiftwizard,https://www.linkedin.com/company/shiftwizard,,,,,,False,,,,5000000,0,,,Shane,Parker,,,https://api.crunchbase.com/v3.1/people/shane-parker,Christian,Pardue,,,https://api.crunchbase.com/v3.1/people/christian-pardue,BREAK,Hospital,Health Care,Information Technology,BREAK,FundingRound,,8983,,1000000,,1000000,1545106370,1000000,2018-12-14,FundingRound,,59162,,1000000,,1000000,1522381682,1000000,2018-03-29
The Interstate Group,1975-01-01,"Since 1975, The Interstate Group has provided independent research to the institutional investment community.",11,50,jay.thomas@intlfcstone.com,704-551-3710,,https://www.interstategroup.com/default.asp,United States,North Carolina,28209,4201 Congress Street Suite 450,,https://www.interstategroup.com/default.asp,,,,,,,,,False,,,,0,0,,,BREAK,Communities,BREAK
RacingOne.com,2000-01-01,RacingOne.com is an online community that provides users access to the motorsports world.,,,,(312)640-0600,,,United States,North Carolina,28217,4209-B Stuart Andrew Boulevard,,,,,,,,,,,False,,,,0,0,,,BREAK,Software,Internet,BREAK
412 Networks Inc.,2016-02-01,412 Networks is an internet services provider.,,,,,,http://www.412networks.com,United States,North Carolina,,,,http://www.412networks.com,,,,,,,,,False,,,,7670105,0,,,BREAK,Social Network,Internet of Things,BREAK
Argolyn Bioscience,2002-01-01,Argolyn Bioscience is a biotechnology company.,,,,(919)806-4634,,,United States,North Carolina,27713,2530 Meridian Parkway Suite 200,,,,,,,,,,,True,2009-07-24,,,1000000,0,,,BREAK,Developer Platform,Health Care,Biotechnology,BREAK
CU Solutions Inc,1996-01-01,CU Solutions is a provider of in-house data processing solutions for smaller credit unions.,,,,,,,United States,South Carolina,29715,223 Main Street,,,,,,,,,,,False,,,,0,0,,,BREAK,Finance,Software,Credit,BREAK
Tangent Analytics LLC,1999-01-01,"Tangent Analytics, LLC provides integrated business intelligence solutions.",,,,,,,United States,North Carolina,27104,150 South Stratford Road,Suite 310,,,,,,,,,,False,,,,0,0,,,BREAK,Marketing,Business Intelligence,Analytics,BREAK
Optinfo Inc,1989-01-01,Optinfo Inc. provides technology solutions to financial services organizations.,,,,,,,United States,North Carolina,28262,8701 Mallard Creek Road,,,,,,,,,,,False,,,,0,0,,,BREAK,Finance,Financial Services,Risk Management,Information Technology,BREAK
Symcon,2005-01-01,"SYMCON, your global supplier of consumables, raw materials and high-quality parts servicing industries.",11,50,info@symcongroup.com,(949) 500-1254,,http://www.processtechgroup.net/,United States,North Carolina,28277,10612-D Providence Road,#716,http://www.processtechgroup.net/,https://www.facebook.com/symcon,https://www.twitter.com/symconinc,,,,,,,False,,,,0,1,,,BREAK,Manufacturing,BREAK
SmartPath Inc,1998-01-01,SmartPath Inc is develops enterprise software for corporate marketing departments and advertising agencies.,,,,,,,United States,North Carolina,,Research Triangle Park 598 Airport Boulevard Suite 600,,,,,,,,,,,False,,,,0,0,,,BREAK,Software,Enterprise Software,BREAK
PharmaCore,1999-01-01,"PharmaCore offers custom synthesis, R&D, analytical testing & other chemistry services for biotechnology & pharmaceutical.",101,250,info@pharmacore.com,(336)841-5250,,http://pharmacore.com/,United States,North Carolina,27265,4180 Mendenhall Oaks Parkway,,http://pharmacore.com/,https://www.twitter.com/cambrex,https://www.linkedin.com/company/pharmacore,,,,,,,False,,,,0,0,,,BREAK,Pharmaceutical,Medical,BREAK
"Van Camp, Meacham & Newman, PLLC",1976-01-01,"Van Camp, Meacham & Newman, PLLC is one of the largest and most highly-rated law firms in the Pinehurst, NC area.",11,50,,(910)295-2525,,http://www.vancamplaw.com/,United States,North Carolina,28374,2 Regional Cricle,,http://www.vancamplaw.com/,https://www.facebook.com/1522504741320923,,,,,,,,False,,,,0,0,,,BREAK,Real Estate,Consulting,BREAK
Engenius,2008-01-07,"An online marketing company focused on web design, serving local businesses and organizations.",11,50,contact@engeniusweb.com,(864) 977-1767,,http://www.engeniusweb.com,United States,South Carolina,29601,101 E. Camperdown Way,,http://www.engeniusweb.com,https://www.facebook.com/engeniusweb,,,,,,,,False,,,,0,0,,,BREAK,Advertising,E-Commerce,Internet,BREAK
Fundamental Global Investors,,"Fundamental Global Investors, LLC is a privately owned investment manager.",,,,239-434-7434,,http://fundamentalglobal.com/,United States,North Carolina,28117,162 Heathland Lane,,http://fundamentalglobal.com/,,,,,,,,,False,,,,0,0,,,Kyle,Cerminara,,"Kyle Cerminara is Co-Chief Investment Officer at Capital Wealth Advisors and CEO, Co-founder & Partner of Fundamental Global Investors, LLC, our affiliated investment manager. 

Prior to partnering with Capital Wealth Advisors and co-founding Fundamental Global Investors, Kyle was a Portfolio Manager at Sigma Capital Management from 2011-2012. Kyle was a Director and Sector Head of the Financial Industry at Highside Capital Management from 2009-2011. Previously, Kyle was a Portfolio Manager and Director at CR Intrinsic Investors from 2007-2009. Prior to joining CR Intrinsic Investors, Kyle was a Vice President, Associate Portfolio Manager and Analyst at T. Rowe Price from 2001-2007 and an Analyst at Legg Mason from 2000-2001.",https://api.crunchbase.com/v3.1/people/kyle-cerminara,Joe,Moglia,,,https://api.crunchbase.com/v3.1/people/joe-moglia,BREAK,BREAK
MW Properties,,M W Properties is a Real estate company.,1,10,,17049687262,,http://thewaltersrealestategroup.com/,United States,North Carolina,28213,1001 E WT Harris Blvd,,http://thewaltersrealestategroup.com/,https://www.facebook.com/mwproperties,https://www.twitter.com/realestatemw,,,,,,,False,,,,0,0,,,BREAK,Real Estate,BREAK
Breezi.io,2016-08-18,Breezi.io builds wireless devices that enable homeowners to detect problems with their HVAC systems before they become severe.,1,10,,,,http://breezi.io,United States,North Carolina,,,,http://breezi.io,https://www.facebook.com/breezibuzz/,https://twitter.com/BreeziBuzz,https://www.linkedin.com/company/breezi.io/,,,,,,False,,,,0,0,,,Tim,Seaton,,,https://api.crunchbase.com/v3.1/people/tim-seaton-5631,Tommi,Parkkila,,,https://api.crunchbase.com/v3.1/people/tommi-parkkila,BREAK,Consumer Electronics,BREAK
Numerical Design Limited (NDL),1983-01-01,Numerical Design Limited (NDL) is a developer of highly flexible 3D graphics software used by a game publishers and developers.,1,10,,630-986-1432,,http://www.ndl.com/,United States,North Carolina,,,,http://www.ndl.com/,https://www.twitter.com/oxfamgb,,,,,,,,False,,,,0,0,,,BREAK,Gaming,Graphic Design,3D Technology,BREAK
HomeTrust Bank,1926-01-01,"HomeTrust Bank is a chartered, community-focused financial institution.",501,1000,,828-254-8144,,https://www.hometrustbanking.com,United States,North Carolina,28801,10 Woodfin Street,,https://www.hometrustbanking.com,https://www.facebook.com/HomeTrustBanking/,https://twitter.com/HomeTrust_Bank,https://www.linkedin.com/company/hometrust,,,,,,False,,nasdaq,HTBI,0,0,,,BREAK,Financial Services,BREAK
OrgSpan,2012-01-01,Orgspan builds cloud-based solutions that help companies and organizations be more efficient and effective in getting work done.,1001,5000,,855-674-7726,,http://www.orgspan.com,United States,North Carolina,NC 27703,4307 Emperor Blvd,Suite 300,http://www.orgspan.com,https://www.facebook.com/inintelligence,https://www.twitter.com/orgspan,https://www.linkedin.com/company/orgspan-inc-,,,,,,False,,,,0,0,,,BREAK,Data Integration,Search Engine,Customer Service,BREAK
BFG Communications,1995-01-01,"BFG Communications is an independent, creative communications agency that delivers seamless storytelling.",101,250,info@bfgcom.com,(843)837-9115,,http://bfgcom.com/,United States,South Carolina,29910,Hilton Head Island 6 Anolyn Court,,http://bfgcom.com/,https://www.facebook.com/bfg,https://twitter.com/bfgcom?lang=en,https://www.linkedin.com/company/bfg-communications,,,,,,False,,,,0,0,,,BREAK,Marketing,Advertising,BREAK
VanMile,2015-11-20,VanMile is building the technology to connect truck drivers with people who needs move or delivery.,,,support@vanmile.com,+1 704-249-7744,,http://vanmile.com,United States,North Carolina,28075,PO Box 1082,,http://vanmile.com,https://www.facebook.com/vanmilehome,https://www.twitter.com/vanmilehome,,,,,,,False,,,,0,0,,,BREAK,Information Technology,BREAK
"Social Strata, Inc.",1998-01-01,SaaS provider of online community products.,11,50,letstalk@socialstrata.com,(206)283-5999,,https://www.socialstrata.com,United States,South Carolina,29464,"1985 Riviera Drive,",Suite 103-114,https://www.socialstrata.com,https://twitter.com/socialstrata,,,,,,,,False,,,,0,0,,,Ted,O'Neill,,,https://api.crunchbase.com/v3.1/people/ted-o-neill,Rosemary,O'Neill,1965-01-01,"Rosemary O’Neill is Co-Founder/President of Social Strata, which makes the Hoop.la online community platform.  For the last 19 years, she has been helping businesses create thriving online communities as an entrepreneur, writer, and speaker. 

Rosemary was named one of the Top 100 community managers on Twitter by Little Bird. She has also appeared on Fox & Friends and NPR as an HR rebel, promoting her company’s innovative unlimited paid leave program which has been in place for four years. She is a contributor to Inc. Magazine’s “Been There, Run That” column, and is Managing Editor of Successful Blog.",https://api.crunchbase.com/v3.1/people/rosemary-oneill,BREAK,Online Forums,Software,Social Media,SaaS,BREAK
Lowe's Ventures,2016-01-01,Lowe’s Ventures is shaping the future of home improvement through early-stage companies and others in the venturing ecosystem.,,,,,,http://lowesventures.com,United States,North Carolina,,,,http://lowesventures.com,https://www.facebook.com/lowes,https://www.twitter.com/lowes,,,,,,,False,,,,0,10,,,BREAK,Real Estate Investment,Finance,Venture Capital,BREAK
54 LLC,2013-01-01,54 LLC is a sports and events management firm.,11,50,info@engage54.com,+1 (844) 360-5454,[u'54 Sports'],http://www.engage54.com/,United States,North Carolina,28203,417 East Blvd,suite 201,http://www.engage54.com/,https://twitter.com/engage_54,https://www.linkedin.com/company/54-sports-llc,,,,,,,False,,,,0,0,,,BREAK,Media and Entertainment,Event Management,BREAK
The Burris Agency,1985-01-01,The Burris Agency is a digital marketing and communications firm.,1,10,,3362532218,,http://www.burris.com,United States,North Carolina,27405,1175 Revolution Mill Drive,Suite 11,http://www.burris.com,https://www.linkedin.com/company/the-burris-agency-inc-,,,,,,,,False,,,,0,0,,,BREAK,Marketing,Advertising,BREAK
INVISI-ball Wall Mount,2013-08-01,The INVISI-ball Wall Mount is a line-of-sight mounting device for displaying sports collectibles.,,,sales@invisi-ball.com,919-817-1487,,http://www.invisi-ball.com,United States,North Carolina,27502,"PO Box 2198,",,http://www.invisi-ball.com,https://www.facebook.com/invisi-ball-wall-mount-360724870722279,https://www.twitter.com/invisi_ball,,,,,,,False,,,,0,0,,,BREAK,Gaming,Fitness,Sports,BREAK
Pedestal Technology,2016-09-01,Technology advisory firm servicing clients in South Carolina,,,,202-555-1212,,http://pedestaltechnology.com,United States,South Carolina,,1708 Augusta St Ste C,,http://pedestaltechnology.com,https://www.twitter.com/pedestaltech,,,,,,,,False,,,,0,0,,,BREAK,Consulting,Information Technology,BREAK
Capital Associates,,A publicly traded equipment leasing company.,11,50,triangle.info@casso.com,,,http://www.casso.com,United States,North Carolina,27401,230 N Elm St,,http://www.casso.com,,,,,,,,,False,,,,0,0,,,BREAK,BREAK
Blogbeat LLC,2005-01-01,Blogbeat is a provider of blog analytics.,,,,,,http://www.blogbeat.net,United States,North Carolina,27614,920 Walkertown Drive,,http://www.blogbeat.net,,,,,,,,,True,,,,0,0,,,BREAK,Software,BREAK
"Deckelbaum & Associates, LLC",,"Deckelbaum & Associates, LLC is Human Resources.",,,,(919) 247-5887,,http://www.rdrecruiters.com,United States,North Carolina,27613,7474 Creedmoor Rd # 270,,http://www.rdrecruiters.com,https://www.linkedin.com/company/1640537,,,,,,,,False,,,,0,0,,,BREAK,Human Resources,Health Care,BREAK
Next Steps Digital,2016-01-01,"Marketing education platform built by Marketers, for Marketers",1,10,,,,https://www.nextstepsdigital.com/,United States,North Carolina,27701,201 West Main Street,b010,https://www.nextstepsdigital.com/,https://www.facebook.com/nextstepsdigital,https://www.twitter.com/nextstepsd,https://www.linkedin.com/company/next-steps-digital,,,,,,False,,,,0,0,,,BREAK,Education,Advertising,BREAK
Pharmgate,2008-01-01,Pharmgate is manufacture and supply of FDA approved animal pharmaceutical products.,11,50,info@pharmgate.com,(910)679-8364,,http://www.pharmgate.com/,United States,North Carolina,28405,"1015 Ashes Drive, Suite 102",,http://www.pharmgate.com/,https://www.linkedin.com/company/pharmgate-llc,,,,,,,,False,,,,0,0,,,BREAK,Pharmaceutical,Health Care,Biotechnology,BREAK
Network Acquisition Partnership Alliance (NAPA Ventures),2013-01-01,NAPA Ventures is a multifamily and commercial real estate investment company,,,,,,http://napa-ventures.com/,United States,South Carolina,,,,http://napa-ventures.com/,,,,,,,,,False,,,,0,0,,,Glenn C.,Gonzales,,,https://api.crunchbase.com/v3.1/people/glenn-c-gonzales,Shravan,Parsi,,,https://api.crunchbase.com/v3.1/people/shravan-parsi,BREAK,Real Estate,BREAK
Advanced Internet Technologies Inc.,1995-01-01,"We are programmers, developers, engineers, administrators and designers. We are a one-stop solution for all your technology needs.",51,100,,9103211390,,https://www.ait.com/,United States,North Carolina,28301,421 Maiden Lane,,https://www.ait.com/,https://www.facebook.com/aitwebhosting,https://www.twitter.com/aitwebhosting,https://www.linkedin.com/company/ait,,,,,,False,,,,0,0,,,BREAK,Computer,Robotics,Software,Information Technology,BREAK
Railinc Corp.,1998-01-01,"Railinc develops software, data and IT products that support the safe and efficient operations of the North American freight rail industry.",501,1000,csc@railinc.com,9196515404,,http://www.railinc.com,United States,North Carolina,27513,7001 Weston Parkway Suite 200,,http://www.railinc.com,https://www.twitter.com/railinc,https://www.linkedin.com/company/railinc,,,,,,,False,,,,0,0,,,BREAK,Software,Information Technology,BREAK
Titus Titan Corporation,,Titus Titan Corporation,11,50,admin@titustitan.com,843 808 0985,,http://titustitan.com,United States,South Carolina,29577,1293 Professional Dr,,http://titustitan.com,,,,,,,,,False,,,,0,0,,,BREAK,BREAK
Voterheads,2012-09-19,Voterheads is a NPO that helps citizens sift through & locate their passion-topics within local government agendas.,1,10,getintouch@voterheads.com,,,http://www.voterheads.com,United States,South Carolina,29201,1233 Washington Street,Suite 600,http://www.voterheads.com,https://www.facebook.com/Voterheads/,https://twitter.com/Voterheads,https://www.linkedin.com/company/2798440?trk=prof-0-ovw-curr_pos,,,,,,False,,,,0,0,,,Matt,Hudson,,,https://api.crunchbase.com/v3.1/people/matt-hudson-3,Karl,McCollester,,,https://api.crunchbase.com/v3.1/people/karl-mccollester,BREAK,GovTech,Government,Education,Politics,Meeting Software,Local,BREAK
Charlotte SEO of Greenville,2006-01-01,"Charlotte SEO of Greenville has earned the reputation as the leading web design company in all of Greenville, SC for a reason.",1,10,jeff@charlotteseofirm.com,(980)785-0005,[u'Jeff Gilden'],http://www.charlotteseofirm.com/web-design/greenville-sc/,United States,North Carolina,28202,10th Floor 401 N Tryon St,,http://www.charlotteseofirm.com/web-design/greenville-sc/,https://www.facebook.com/charlotteseofirm,https://www.twitter.com/thecharlotteseo,,,,,,,False,,,,0,0,,,Jeff,Gilden,,,https://api.crunchbase.com/v3.1/people/jeff-gilden,BREAK,Web Development,SEO,Web Design,BREAK
RFPi,2014-01-01,REAL TIME BLOOD FLOW & PERFUSION IMAGING.,,,info@RFPi-co.com,(919)280-2953,,http://rfpi-co.com/,United States,South Carolina,NC 27834,"1800 N. Greene Street Suite K ,",,http://rfpi-co.com/,,,,,,,,,False,,,,2000000,0,,,Phil,Hodges,,,https://api.crunchbase.com/v3.1/people/phil-hodges,BREAK,Hospital,Health Care,Medical,BREAK
O2 Fitness,2002-01-01,provide a variety of options to assist in achieving personal fitness goals.,501,1000,,919-433-2002,,http://www.o2fitnessclubs.com/,United States,North Carolina,27604,802 Semart Drive,,http://www.o2fitnessclubs.com/,https://www.facebook.com/O2FitnessClubs,https://twitter.com/o2fitnessclubs,https://www.linkedin.com/company/o2-fitness,,,,,,False,,,,0,0,,,BREAK,Fitness,Health Care,BREAK
Inirv Labs,2016-01-01,Inirv is a consumer electronics company whose mission is to improve the safety and efficiency of the home.,1,10,contact@inirv.com,,,http://www.inirv.com,United States,North Carolina,,,,http://www.inirv.com,https://www.facebook.com/inirvlabs/,https://www.twitter.com/inirvlabs,https://www.linkedin.com/company/inirv,,,,,,False,,,,0,0,,,Akshita,Iyer,,Co-Founder/Owner at Inirv,https://api.crunchbase.com/v3.1/people/akshita-iyer,Ranjith,Babu,,,https://api.crunchbase.com/v3.1/people/ranjith-babu,BREAK,Consumer Goods,Smart Home,Smart Building,Consumer Electronics,BREAK
PENTA Engineering,1945-01-01,"PENTA Engineering provides engineering, construction, energy, environmental, and water solutions.",51,100,,(704)588-8877,,http://www.pentaengr.com/,United States,North Carolina,28273,13835 South Lakes Drive,,http://www.pentaengr.com/,,,,,,,,,False,,,,0,0,,,BREAK,Industrial Engineering,BREAK
SoyMeds,2005-01-01,SoyMeds is a biotechnology research company,1,10,klbost@uncc.edu,7046873128,,http://www.soymeds.net/,United States,North Carolina,NC 28223,9201 University City Parkway,,http://www.soymeds.net/,,,,,,,,,False,,,,1000000,0,,,Kenneth J.,Piller,,,https://api.crunchbase.com/v3.1/people/kenneth-j-piller,BREAK,Therapeutics,Health Care,Biotechnology,BREAK
OE Enterprise Solutions,,OE Enterprise Solutions.,1,10,accounting@oeenterprises.org,(855) 895-6363,,http://oeenterprises.org,United States,North Carolina,27215,1341 Anthony Rd,,http://oeenterprises.org,https://www.facebook.com/oeenterprises,https://www.linkedin.com/company/oe-enterprises-inc,,,,,,,False,,,,0,0,,,BREAK,Robotics,Software,Information Technology,BREAK
Mystery Brewing Company,2010-01-01,"Since early 2012, Mystery Brewing Company’s mission has been producing seasonally appropriate, hand-made, artisanal ales and lagers.",1,10,info@mysterybrewing.com,919-429-9159,,http://www.mysterybrewing.com,United States,North Carolina,27278,620 Valley Forge Road Suite C,,http://www.mysterybrewing.com,https://www.facebook.com/mysterybrewing,https://www.twitter.com/mysterybrewing,,,,,,,False,,,,0,0,,,Erik,Myers,1976-05-28,,https://api.crunchbase.com/v3.1/people/erik-myers,BREAK,Food and Beverage,BREAK
Cygnus Technologies,2003-01-01,Cygnus Technologies is a Biotechnology company.,1,10,guangzhou@seajetsci.com,"910-454-9442

",,https://www.cygnustechnologies.com,United States,North Carolina,28461,4701 Southport Supply Road SE Suite 7,,https://www.cygnustechnologies.com,https://www.facebook.com/cygnustechnologies/,https://twitter.com/cygnustechno,,,,,,,False,,,,0,0,,,BREAK,Pharmaceutical,Product Management,Biotechnology,BREAK
Mann & Watters Insurance,1989-01-01,Mann & Watters Insurance is specializes in employee benefit programs and offers a wide variety of individual insurance planning.,1,10,info@mannandwatters.com,(910)509-2966,,http://www.mannandwatters.com/,United States,North Carolina,28405,1017 Ashes Dr # 100,,http://www.mannandwatters.com/,https://www.facebook.com/mannwatters,https://twitter.com/mannandwatters,https://www.linkedin.com/in/tommymann,,,,,,False,,,,0,0,,,BREAK,Life Insurance,Insurance,BREAK
410 Medical,2013-01-01,410 Medical takes its name from the calculation of an early fluid delivery goal in pediatric sepsis resuscitation.,1,10,info@410medical.com,919-241-7900,,http://410medical.com/,United States,North Carolina,NC 27701,"201 West Main St, Suite 207 ,",,http://410medical.com/,https://twitter.com/@410Medical,https://www.linkedin.com/company/410-medical,,,,,,,False,,,,10674993,0,,,Luke,Roush,,"Luke Roush co-founded 410 Medical alongside Dr. Piehl in 2013. He is currently a Managing Principal of Sovereign’s Capital, the venture capital firm which he co-founded in 2012. Previously, Luke has twelve years of experience in global commercialization and business development at venture-backed and Fortune 500 companies. He was Vice President for Sales, Marketing, and Business Development at TransEnterix, a medical device company that developed and commercialized a minimally invasive surgical system in the US, Europe, and Middle East. Prior to joining TransEnterix, he served as Chief Operating Officer at Liquidia Technologies, a nanotechnology company focused on biopharmaceutical applications. Mr. Roush was also global marketing manager for Boston Scientific’s neurovascular stroke business. Mr. Roush graduated summa cum laude from Duke University, and earned his MBA from The Fuqua School of Business.",https://api.crunchbase.com/v3.1/people/luke-roush,Mark,Piehl,,"Dr. Mark Piehl is a board-certified pediatrician and pediatric intensivist who loves taking care of critically ill children, teaching pediatric emergency medicine to others, and dreaming up better ways to care for sick kids. He received his medical degree with honors from the UNC School of Medicine and his master’s degree in public health from the UNC School of Public Health. Mark is a pediatric intensivist at WakeMed in Raleigh, NC, and served as Medical Director of the WakeMed Children’s Hospital from 2009-2015.  He is a clinical associate professor of pediatrics in the Department of Pediatrics at the UNC School of Medicine, and has a clinical faculty appointment in Pediatrics at Duke University.  Mark is very happily married with three awesome kids.

He is enjoying using Twitter to learn about and promote innovations in pediatric care.  Mark’s goal is to one day have more than 14 Twitter followers (so please go follow him now!).",https://api.crunchbase.com/v3.1/people/mark-piehl,BREAK,Medical Device,Health Care,Medical,BREAK,Investment,Organization,[u'angel_group'],2011-01-01,The Angel Investor Management Group (AIM Group) is one of the premiere early stage funding sources in the Southeast.,0,12,,2018-08-22,True,FundingRound,,4069,,3100000,,3100000,1534995639,,2018-08-22,Investment,Organization,[u'angel_group'],,Triangle Venture Alliance,0,2,,2017-06-21,True,FundingRound,A,155827,,2100000,,2100000,1518478450,,2017-06-21,Investment,Organization,[u'micro_vc'],2012-01-01,"Sovereign’s Capital provides growth capital for consumer SaaS, B2B tech, healthcare IT, and med devices.",0,37,,2017-03-31,,FundingRound,A,119984,,3274993,,3274993,1518478526,5000000,2017-03-31,FundingRound,,76272,,2200000,,2200000,1518478534,,2016-09-08
Supremacy SEO,,Supremacy SEO is a all in one SEO solutions and improve your sales.,1,10,supremacyseo3@gmail.com,(828)398-4688,,https://supremacyseo.com/RankBOSS,United States,North Carolina,28806,1302 Patton Ave Suite 17446,,https://supremacyseo.com/RankBOSS,https://www.facebook.com/officialsupremacyseo,https://www.twitter.com/travis_jamison,,,,,,,False,,,,0,0,,,BREAK,Marketing,SEO,E-Commerce,Internet,BREAK
Salem Investment Partners,,"Salem Investment Partners specializes in debt and equity investments in privately-held, middle market businesses.",,,,336-245-4728,,http://www.salemip.com/,United States,North Carolina,27409,"7900 Triad Center Drive, Suite 333, Greensboro, NC",,http://www.salemip.com/,,,,,,,,,False,,,,0,1,,,BREAK,BREAK
Morgan Insurance Agency,1969-01-01,"Morgan Insurance Agency provides property/casualty insurance, life, health.",,,,(864)882-4045,,,United States,South Carolina,29678-3268,107 A W North 1st St,,,,,,,,,,,False,,,,0,0,,,BREAK,Health Insurance,Property Insurance,Insurance,BREAK
"The Furman Co., Insurance Agency",1999-01-01,"The Furman Co., Insurance Agency is an independent insurance agency providing commercial property.",11,50,,(864)527-6098,,http://www.furmanco.com,United States,South Carolina,29601,703 East North Street,,http://www.furmanco.com,,,,,,,,,False,,,,0,0,,,BREAK,Health Insurance,Property Insurance,Insurance,BREAK
GoldenKey,2014-06-01,"GoldenKey, formerly known as Solopro, offers a commission free, on-demand real estate services for smart consumers and agents.",1,10,support@solopro.com,(919)444-2876,[u'SoloPro'],http://www.GoldenKey.com,United States,North Carolina,27701,201 West Main Street,Suite 001,http://www.GoldenKey.com,https://www.facebook.com/GoldenKeyhome/,https://twitter.com/goldenkeyhouse,https://www.linkedin.com/company/goldenkey/,,,,,,False,,,,4450000,0,,,Shayne,Sowers,,"Twice ranked #1 agent in Re/Max region (East Missouri, over 100 agents). Received Re/Max Lifetime Achievement Award (over $100,000,000 sold). Average 72 homes sold per year",https://api.crunchbase.com/v3.1/people/shayne-sowers,Narayan,Krishnan,,"Career product engineer, architect & leader. Solutions architect specialist with extensive startup experience. Frmr @Epsilon, @ADESA, @Convergys, MS Comp Sci.",https://api.crunchbase.com/v3.1/people/narayan-krishnan,Tommy,Sowers,,"Founder, CEO of SOLOpro. Multi-sector leader. Founder @lincolnawards. Frmr @McKinsey & Company @GreenBeret, Senate confirmed, c-level federal gov't exec",https://api.crunchbase.com/v3.1/people/tommy-sowers,BREAK,Real Estate Investment,Commercial Real Estate,Real Estate,BREAK,Investment,Organization,[u'venture_capital'],2015-06-01,NFX operates as a seed and series A venture firm.,0,89,,2017-02-01,True,FundingRound,,183756,,1750000,,1750000,1518478010,,2017-02-01,FundingRound,,160086,,1100000,,1100000,1518477538,,2016-06-10,Investment,Organization,[u'venture_capital'],2014-01-01,A community of talented founders who switched from the common path.,0,28,,2015-10-22,False,FundingRound,,98348,,1600000,,1600000,1518478532,,2015-10-22
Dash Creative,2014-01-01,Strategy for Startups & Innovative Companies,1,10,info@sprintwithdash.com,(336)509-0014,,http://www.sprintwithdash.com,United States,North Carolina,27401,229 N. Greene Street,,http://www.sprintwithdash.com,https://www.facebook.com/ddstrategy,https://www.twitter.com/sprintwithdash,,,,,,,False,,,,0,0,,,BREAK,Marketing,Advertising,Consulting,BREAK
"Ablatrics, Inc",,"Ablatrics, Inc a medical device company focused on minimally invasive treatments for atrial fibrillation",,,,,,,United States,North Carolina,27560,"2880 Slater Rd,",,,,,,,,,,,False,,,,5500000,0,,,BREAK,Medical Device,Health Care,Biotechnology,BREAK
International Biomedical Devices,2013-01-01,S.C.-based International Biomedical Devices,,,info@ib-md.com,(843)856-8479,,http://www.aperturectc.com/,United States,South Carolina,29405,4000 Faber Place Drive Suite 300 N.,,http://www.aperturectc.com/,,,,,,,,,False,,,,2350000,0,,,Manuel S.,Rodriguez,,,https://api.crunchbase.com/v3.1/people/manuel-s-rodriguez,BREAK,Medical Device,Health Care,Medical,BREAK
L&A Capital,,L&A Capital is a group of professionals that specialize in Financial Consulting.,1,10,slewis@lacapitaladvisors.com,(800) 401-1609,,http://www.lacapitaladvisors.com,United States,North Carolina,27612,"3737 Glenwood Avenue, Ste 100",,http://www.lacapitaladvisors.com,https://www.facebook.com/lacapitaladvisors,,,,,,,,False,,,,0,0,,,BREAK,Financial Services,Consulting,BREAK
A Step Ahead Academic Center,,"A Step Ahead Academic Center, a private tutoring center located in Clemmons.",11,50,info@astepaheadacademiccenter.com,(336) 766-7124,,http://www.astepaheadacademiccenter.com,United States,North Carolina,27012,3812 Littlebrook Drive,,http://www.astepaheadacademiccenter.com,https://www.facebook.com/astepaheadacademiccenter,https://www.twitter.com/asatutors,https://www.linkedin.com/in/a-step-ahead-academic-center,,,,,,False,,,,0,0,,,BREAK,Education,BREAK
Canopy,2013-09-01,Our goal at Canopy is to provide our clients with innovative tools to help them take control of their financial lives,51,100,accounts@canopy.com,+1 (704) 943-5550,,https://www.canopyfa.com,United States,North Carolina,,"201 S. College St, Suite 2710",,https://www.canopyfa.com,https://www.facebook.com/canopyfinancialadvisors,https://www.twitter.com/canopyfa,https://www.linkedin.com/company/canopy-financial-advisors,,,,,,False,,,,0,0,,,BREAK,BREAK
Boss Key Productions,2014-01-01,Boss Key Productions is a videogame development studio.,11,50,pr@bosskey.com,9193710778,,http://bosskey.com/,United States,North Carolina,27609,4913 Professional Court Suite 9C,,http://bosskey.com/,https://www.facebook.com/bosskeyproductions,https://www.twitter.com/bosskey,,,,,,,False,,,,0,0,,,Cliff,Bleszinski,,,https://api.crunchbase.com/v3.1/people/cliff-bleszinski,BREAK,BREAK
RENOVION,2013-01-01,It is a North Carolina-based company,,,info@mnhtndose.com,,,http://www.renovion.com,United States,North Carolina,27514,"1602 HALIFAX ROAD,",,http://www.renovion.com,,,,,,,,,False,,,,1309683,0,,,BREAK,Pharmaceutical,Clinical Trials,Health Care,BREAK,FundingRound,,313,,492196,,492196,1549627187,800000,2019-02-08,FundingRound,,38596,,350000,,350000,1526530159,350000,2018-05-15
Tillery Capital,2006-01-01,Tillery Capital is a family-office that invests in lower middle-market companies.,,,,317-490-0916,,http://www.tillerycapital.com/,United States,North Carolina,28104,7013 Willow Trace Lane,,http://www.tillerycapital.com/,,,,,,,,,False,,,,0,0,,,BREAK,Financial Services,BREAK
Pine Gate Renewables,2014-01-01,Pine Gate Renewables is a U.S. developer of 2-25 MW utility-scale solar farms.,11,50,info@pgrenewables.com,(904)834-7779,,http://pgrenewables.com/,United States,North Carolina,NC 28205,"1111 Hawthorne Lane, Suite 201,",,http://pgrenewables.com/,https://www.facebook.com/pinegaterenewables/,https://www.linkedin.com/company/pine-gate-renewables/,,,,,,,False,,,,20000000,0,,,James,Luster,,"As Founder and COO of Pine Gate Renewables, James is responsible for leading strategic operations and company growth initiatives and oversees Pine Gate’s nationwide business development efforts. His background includes managing a 300+ MW development pipeline and the origination and build-out of more than 100 project locations. His areas of expertise include utility relations, regulation, land evaluation, interconnections and zoning process. He holds a bachelor’s degree from the University of Florida.",https://api.crunchbase.com/v3.1/people/james-luster,BREAK,Environmental Consulting,Renewable Energy,Environmental Engineering,Solar,BREAK
LogistiVIEW,2014-01-01,LogistiVIEW's Digital Workforce Platform connects frontline workers with information systems and processes to maximize productivity.,1,10,info@logistiview.com,877-797-8232,,https://www.logistiview.com,United States,North Carolina,27518,8000 Regency Pkwy Ste 530,,https://www.logistiview.com,https://www.facebook.com/logistiview,https://www.twitter.com/logistiview,https://www.linkedin.com/company/logistiview/,,,,,,False,,,,0,0,,,Paul,Patin,,,https://api.crunchbase.com/v3.1/people/paul-patin,Seth,Patin,,,https://api.crunchbase.com/v3.1/people/seth-patin,BREAK,Logistics,Internet of Things,Augmented Reality,Enterprise Software,BREAK
Container Resources,1997-01-01,Container Resources distributor of rigid packaging.,1,10,,(864) 343-0099,,http://www.containerresources.com/,United States,South Carolina,29611,219 Commerce Road,,http://www.containerresources.com/,https://www.linkedin.com/company/container-resources-inc.,,,,,,,,False,,,,0,0,,,BREAK,Packaging Services,BREAK
Alexis Graham,2014-01-15,Video Due Diligence for High Level Investors,1,10,,,,https://accelerateproduct.com/,United States,South Carolina,,,,https://accelerateproduct.com/,,,,,,,,,True,,,,100000,0,,,BREAK,Video,BREAK
VannDigital,2009-09-11,"VannDigital is a new media network that provides you with the best in Hip-Hop, Urban, & Black media.",1,10,admin@vanndigital.com,(910)679-6466,,http://www.vanndigital.com/,United States,North Carolina,,,,http://www.vanndigital.com/,https://www.facebook.com/vanndigital,https://www.twitter.com/vanndigital,https://www.linkedin.com/company/vann-digital-networks,,,,,,False,,,,0,0,,,BREAK,Broadcasting,BREAK
"Sandlapper Creative, Inc",2011-03-01,"Web Design & Development in Greenville, SC",1,10,,(864)881-8280,,https://www.sandlappercreative.com,United States,South Carolina,,,,https://www.sandlappercreative.com,https://www.facebook.com/jimferguson,https://www.twitter.com/jim_ferguson,https://www.linkedin.com/company/sandlapper-creative,,,,,,False,,,,0,0,,,BREAK,Internet,BREAK
Ganymede Software,1995-01-01,Ganymede Software is develops performance management software.,,,,(919) 469-0997,,,United States,North Carolina,27560,"1100 Perimeter Park Drive

Suite 104",,,,,,,,,,,False,,,,0,0,,,BREAK,Software,Information Services,Information Technology,BREAK
MCNC Ventures,1980-01-01,MCNC Ventures is a nonprofit organization providing broadband infrastructure for North Carolina.,,,,,,https://www.mcnc.org,United States,North Carolina,27709,"PO Box 12889, 3021 E.",Cornwallis Road Research Triangle Park,https://www.mcnc.org,https://www.facebook.com/mcnc.ncren,https://www.twitter.com/mcnc,,,,,,,False,,,,0,3,,,BREAK,Web Hosting,Cloud Computing,Information Technology,BREAK
"TechPay, LLC",2012-10-01,A new mobile payment systems company,1,10,info@techpay.mobi,855-4 TECHPAY,,http://www.techpay.mobi,United States,North Carolina,27539,,,http://www.techpay.mobi,https://www.facebook.com/techpayllc,https://www.twitter.com/techpay,,,,,,,False,,,,0,0,,,BREAK,Mobile Payments,Payments,BREAK
Viking Mergers & Acquisitions,1996-01-01,Securing entrepreneur's futures through professional representation.,11,50,info@vikingmergers.com,+1 (704) 676-0940,,http://www.vikingmergers.com,United States,North Carolina,28277,17250 Lancaster Hwy #601,,http://www.vikingmergers.com,https://www.facebook.com/vikingmergers,https://www.twitter.com/vikingmergers,https://www.linkedin.com/company/vikingmergers,,,,,,False,,,,0,0,,,Jay,Offerdahl,,,https://api.crunchbase.com/v3.1/people/jay-offerdahl,Brad,Offerdahl,,,https://api.crunchbase.com/v3.1/people/brad-offerdahl,BREAK,Small and Medium Businesses,BREAK
Investors Management Corp,1971-01-01,Investors Management Corp is a privately owned investment company.,11,50,info@investorsmanagement.com,919-653-7498,,http://www.investorsmanagement.com/,United States,North Carolina,27603,801 N. West St.,,http://www.investorsmanagement.com/,https://www.linkedin.com/company/investors-management-corporation,,,,,,,,False,,,,0,0,,,BREAK,Asset Management,BREAK
InstantGMP,2004-04-02,InstantGMP provides manufacturing and compliance solutions to companies within certain industries regulated by the FDA.,1,10,rpochadt@instantgmp.com,215-968-5414,,https://www.instantgmp.com,United States,North Carolina,27513,15100 Weston Parkway,Suite 101,https://www.instantgmp.com,https://www.facebook.com/Instantgmp/,https://www.twitter.com/instantgmp_mes,https://www.linkedin.com/company/instantgmp,,,,,,False,,,,0,0,,,BREAK,Medical Device,Manufacturing,Biotechnology,BREAK
Medquip,2005-01-01,Medquip was a leading manufacturer of innovative healthcare products.,1,10,,843-815-5301,,http://www.medquip.com/,United States,South Carolina,29910,11 Parmenter Road P.O. Box 1559,,http://www.medquip.com/,https://www.facebook.com/drive-164486527009739,https://www.twitter.com/drivemedical,https://www.linkedin.com/company/drive-medical,,,,,,False,,,,0,0,,,BREAK,Consumer Goods,Manufacturing,Health Care,BREAK
Cardinal Logistics Management,1980-01-01,"Cardinal Logistics Management operates one of the largest, most diverse dedicated fleets in the U.S.",1001,5000,info@cardlog.com,(704) 782-7406,,http://www.cardlog.com,United States,North Carolina,28027,5333 Davidson Highway,,http://www.cardlog.com,https://www.facebook.com/cardlog,https://www.twitter.com/cardinallog,,,,,,,False,,,,0,0,,,BREAK,Freight Service,Logistics,Fleet Management,BREAK
Hargray Communications Group,1947-01-01,"Hargray Communications is a provider of internet, phone, and digital TV services for homes and businesses in South Carolina and Georgia.",251,500,hargrayrepair@htc.hargray.com,+1 (877) 427-4729,,http://www.hargray.com,United States,South Carolina,29938,"870-C William Hilton Parkway,",,http://www.hargray.com,https://www.facebook.com/hargraycommunications,https://www.twitter.com/hargraycomm,,,,,,,False,,,,0,0,,,BREAK,Telecommunications,Internet,Information Technology,BREAK
Badger Sportswear,1971-01-01,"Badger Sportswear is a manufacturer and supplier of high quality team uniforms, performance athletic wear and fanwear.",51,100,,(704)871-0990,,https://www.badgersport.com,United States,North Carolina,28625,135 Intercraft Drive,,https://www.badgersport.com,,,,,,,,,False,,,,0,0,,,BREAK,Sports,Manufacturing,BREAK
Progress Lighting,1906-01-01,"Progress Lighting is the largest single source for residential and commercial lighting, offering more than 5,000 lighting fixtures.",501,1000,,864-599-6000,,https://progresslighting.com,United States,South Carolina,29303-5007,101 Corporate Drive,,https://progresslighting.com,https://www.facebook.com/progresslighting,https://www.twitter.com/progressltg,https://www.linkedin.com/company/progress-lighting,,,,,,False,,,,0,0,,,BREAK,Real Estate,BREAK
"Stillinger Investigations, Inc.",1994-01-01,"Over 20 years in business with a combined 50 years of experience, Stillinger Investigations can help you find the truth.",1,10,,+1 (843) 492-2999,,http://www.investigatesc.com/,United States,South Carolina,29730,452 Lakeshore Pkwy Ste 109,,http://www.investigatesc.com/,https://www.facebook.com/pages/Stillinger-Investigations/502016376477690,https://www.linkedin.com/company/382720?trk=prof-exp-company-name,,,,,,,False,,,,0,0,,,BREAK,Professional Services,BREAK
Smiths Flower Delivery Charlotte,,We can have any of the stunning flower delivery in Charlotte NC as soon as today.,,,,(980)238-3221,,http://flowerdeliverycharlottenc.com,United States,North Carolina,28207,210 Providence Rd,,http://flowerdeliverycharlottenc.com,https://www.facebook.com/smiths-flower-delivery-charlotte-1775815542674721,,,,,,,,False,,,,0,0,,,BREAK,Food and Beverage,E-Commerce,BREAK
BB&T Insurance Services,1922-01-01,"BB&T Insurance Services, Inc. is a subsidiary of BB&T Insurance Holdings, Inc., a BB&T Corporation Company.",10001,1000000,,888-727-7933,,https://insurance.bbt.com/,United States,North Carolina,27612,2209 Century Drive,,https://insurance.bbt.com/,https://www.facebook.com/bbtbank,https://www.twitter.com/askbbt,,,,,,,True,,,,0,0,,,BREAK,BREAK
"O'Neal, Inc.",1975-01-01,O'Neal is an integrated engineering and construction company providing comprehensive services to our clients.,251,500,info@onealinc.com,864-298-2000,,http://www.onealinc.com/,United States,South Carolina,29607,10 Falcon Crest Drive Suite 150,,http://www.onealinc.com/,https://www.facebook.com/pages/ONeal-Inc/288966497890571,https://twitter.com/onealdelivers,https://www.linkedin.com/company/o'neal-inc-/,,,,,,False,,,,0,0,,,BREAK,Real Estate,Consulting,BREAK
Waypoint Solutions Group,2000-04-18,Waypoint provides full service IT Managed Services for small and mid-size companies.,11,50,care@waypointsg.com,(704)246-1717,,http://waypointsg.com,United States,North Carolina,28270,"9311 Monroe Rd, Ste A",,http://waypointsg.com,https://www.facebook.com/waypointsg/info?ref=page_internal,https://twitter.com/waypointsg,http://www.linkedin.com/company/801259,,,,,,False,,,,0,0,,,BREAK,Management Consulting,Information Services,IT Management,Consulting,Information Technology,BREAK
Synergem Technologies,2001-01-01,Synergem is a technology pioneer in the 9-1-1 call center industry. Launched as a system integrator and value added reseller.,11,50,info@synergemtech.com,(866)859-0911,,http://www.synergemtech.com,United States,North Carolina,27041,523 South Stephens Street,,http://www.synergemtech.com,https://www.twitter.com/synergem911,https://www.linkedin.com/company/synergem-technologies-inc,,,,,,,False,,,,300000,0,,,Myron,Herron,,"Myron Herron has enjoyed a highly successful 27 year career in communications with extensive experience in multiple disciplines including operations, systems engineering and sales. Following his graduation from North Carolina State University with a BA in Business Management, he joined Sprint where he initially served as an Outside Plant Engineer charged with the deployment of networking and computer equipment. He later served in a series of senior engineering, operational and management positions. He then moved into a Data Sales manager position charged with leading a team in the design, proposal, and implementation of voice, data and video projects. In this capacity, he engineered complex systems including voice, structured wiring, fiber optics, ATM, SONET, Ethernet, token-ring, and outside plant systems.

Mr. Herron has consulted extensively with business leaders and educators, as well as local and state government officials in the deployment of voice, video, and data technologies. Some of his projects included the North Carolina Information Highway and a multimillion dollar voice and data network solution for North Carolina-based Lowe’s Hardware. Later, as an Operations Manager, he was responsible for all customer services, engineering services, project management and implementation services for central North Carolina.

Mr. Herron left Sprint in 1999 to serve as the Director–Sales and Engineering Services for a startup public safety systems integrator, where he designed solutions for some of our nation’s most mission-critical sites. His projects included the Kennedy Space Center and Jet Propulsion Laboratory, as well as several Department of Energy sites. After starting Synergem Emergency Service, LLC., he has enjoyed building a team of professionals collectively responsible for many industry changing innovations including patents impacting several NG9-1-1 standards as well as provisioning the nation’s first NENA i3 NG9-1-1 network.",https://api.crunchbase.com/v3.1/people/myron-herron,BREAK,Professional Networking,Telecommunications,Information Technology,BREAK
PayStream Advisors,2001-01-01,PayStream Advisors is a financial research and advisory firm.,11,50,,704-523-7357,,https://www.paystreamadvisors.com,United States,North Carolina,28203,2923 South Tryon,Suite 240,https://www.paystreamadvisors.com,https://www.facebook.com/PayStreamAdvisors/?ref=aymt_homepage_panel,https://twitter.com/PayStream,https://www.linkedin.com/company/83995?trk=tyah&trkInfo=tarId%3A1421977871492%2Ctas%3APaySTream%2Cidx%3A2-2-3,,,,,,False,,,,0,0,,,BREAK,Management Consulting,BREAK
OnMyWay.com,2016-03-27,The Only Texting And Driving Solution That Pays,1,10,,,,http://OnMyWay.com/,United States,North Carolina,28202,,,http://OnMyWay.com/,https://www.facebook.com/OnMyWay.comApp/,https://twitter.com/OnMyWay_com,https://www.linkedin.com/company/10788582?trk=tyah&trkInfo=clickedVertical%3Acompany%2CclickedEntityId%3A10788582%2Cidx%3A2-5-6%2CtarId%3A1471539718125%2Ctas%3Aonmy,,,,,,False,,,,0,0,,,Ali,Pereless,,,https://api.crunchbase.com/v3.1/people/john-pereless-3,Chloe,Palmer,,,https://api.crunchbase.com/v3.1/people/chloe-palmer,BREAK,Mobile Apps,Mobile Payments,Mobile Advertising,Mobile,BREAK
Ecobot,2018-10-30,"Ecobot is the future of Environmental Monitoring, Reporting and Forecasting",1,10,hello@ecobotapp.com,828-423-0808,,http://ecobotapp.com,United States,North Carolina,28801,"1 Haywood St, Suite 401",,http://ecobotapp.com,https://www.facebook.com/ecobotapp,https://www.twitter.com/ecobotapp,https://www.linkedin.com/company/ecobot,,,,,,False,,,,450000,0,,,Jeremy,Schewe,,,https://api.crunchbase.com/v3.1/people/jeremy-schewe,Robb,Bennett,,,https://api.crunchbase.com/v3.1/people/robb-bennett,Lee,Lance,,"Communications and operations professional, 20 years of experience driving tech dev and strategy; serving regional, national and international clients. Owner of a digital agency/software development firm since 2006.",https://api.crunchbase.com/v3.1/people/lee-lance,BREAK,Environmental Consulting,Data Visualization,SaaS,Consulting,Enterprise Software,BREAK
QHS Health,2007-02-16,"QHS is a professional Medical Equipment Billing Agency, transmitting electronic claims",11,50,,,,http://www.qhshealth.com/,United States,North Carolina,27265,284 North Emily Court,,http://www.qhshealth.com/,https://www.facebook.com/quality-healthcare-systems-1707798949547319,https://www.twitter.com/qhsbilling,https://www.linkedin.com/in/quality-healthcare-systems-inc-1715b3130,,,,,,False,,,,0,0,,,BREAK,Consumer Electronics,Electronics,Health Care,BREAK
Avid Solutions,1987-01-01,"Avid Solutions offers a unique combination of plant floor experience, IT and operations expertise",101,250,info@avidsolutionsinc.com,+113367710010,,http://www.avidsolutionsinc.com/,United States,North Carolina,NC 27107,2975 Cole Road,,http://www.avidsolutionsinc.com/,https://www.facebook.com/avidsolutionsinc/,https://twitter.com/avidsolutions_,https://www.linkedin.com/company/avid-solutions,,,,,,False,,,,350000,0,,,Piercarlo,Romano,,"Piercarlo Romano is the President,CEO & Founder at Avid Solutions",https://api.crunchbase.com/v3.1/people/piercarlo-romano,BREAK,Business Intelligence,Industrial Automation,Information Technology,BREAK
Irmo Primary Care,2015-01-01,Irmo Primary Care is Columbia's only Direct Primary Care Practice.,,,,(803)764-6484,"[u'doctors', u'family doctor', u'physician', u'primary care physcian', u'family practice', u'family physician', u'direct primary care', u'direct primary care practice']",http://irmopc.com,United States,South Carolina,29063,1 Wellness Blvd #109,,http://irmopc.com,https://www.facebook.com/irmopc?fref=nf,https://twitter.com/irmopc,,,,,,,False,,,,0,0,,,BREAK,Health Care,BREAK
StreamSports,2013-04-01,Game Film - Live Streaming - Highlight Reels,11,50,,(855)839-3676,,https://www.streamsports.com/,United States,North Carolina,27603,138 Annaron Court,,https://www.streamsports.com/,https://www.facebook.com/topformsports,https://www.twitter.com/streamsportsnc,,,,,,,False,,,,0,0,,,BREAK,Broadcasting,Video,BREAK
EATINC,,EATINC,11,50,,,,http://eatinc.org,United States,North Carolina,,,,http://eatinc.org,https://www.twitter.com/eatincorg,,,,,,,,False,,,,0,0,,,BREAK,BREAK
Tencarva Machinery,1978-01-01,"Tencarva Machinery supplies commercial, industrial, municipal pumps in TN, NC, SC, VA, GA, FL, AR, MS for chemical, citrus, paper, textile.",251,500,tencarvamachinery@gmail.com,(336)665-1435,,https://www.tencarva.com/,United States,North Carolina,27409,1115 Pleasant Ridge Road,,https://www.tencarva.com/,https://www.facebook.com/Tencarva/,https://twitter.com/tencarva,https://www.linkedin.com/company/tencarva-machinery,,,,,,False,,,,0,0,,,BREAK,Industrial Engineering,Manufacturing,BREAK
H2O Drying Solutions,2007-08-18,"The mission of H2O Drying Solutions is to provide our customers with the most effective, most current structural drying methods available.",11,50,info@h2odrying.com,(704)246-3970,,http://www.h2odrying.com,United States,North Carolina,28217,6021 Kenley Lane,,http://www.h2odrying.com,https://www.facebook.com/195918127128087,https://www.twitter.com/clayblount,https://www.linkedin.com/in/h2o-drying-solutions-94508436,,,,,,False,,,,0,0,,,BREAK,Water,Property Management,Insurance,BREAK
VPG Integrated Media,1988-01-01,Vital Source Media is a developer of interactive media for educational,51,100,support@vitalsource.com,855-200-4146,,http://mobile.vpg.com/,United States,North Carolina,27601,227 Fayetteville Street,400,http://mobile.vpg.com/,https://www.facebook.com/vitalsourcebookshelf,https://www.twitter.com/vitalsource,https://www.linkedin.com/company/vitalsource-technologies,,,,,,False,,,,0,0,,,BREAK,Social Media Management,Education,BREAK
Lucerno Dynamics,2011-01-01,Lucerno Dynamics creates medical technology that helps scan human tissue and organs during medical tests.,1,10,info@lucernodynamics.com,+119193716800,,http://lucernodynamics.com/,United States,North Carolina,27560,100 Delaplane Court,,http://lucernodynamics.com/,,,,,,,,,False,,,,7200000,0,,,Josh,Knowland,,,https://api.crunchbase.com/v3.1/people/josh-knowland,BREAK,Marketing,Manufacturing,Biotechnology,BREAK,FundingRound,A,203729,,6000000,,6000000,1518482407,6341590,2016-09-19,Investment,Organization,[u'venture_capital'],2006-01-01,IDEA Fund Partners provides seed and early stage equity funding along with company building expertise to technologies in the Southeast.,0,44,250000,2016-02-22,True,FundingRound,,187173,,250000,,250000,1518479659,,2016-02-22
USfalcon,1999-01-01,"USfalcon provides expertise in Aerospace, Mission Systems Engineering, Information Technology.",251,500,info@usfalcon.com,9193883779,,http://www.usfalcon.com,United States,North Carolina,27560-9693,One Copley Parkway Suite 200,,http://www.usfalcon.com,https://www.linkedin.com/company/usfalcon,,,,,,,,False,,,,0,0,,,BREAK,Information Technology,BREAK
NCLogowear,,"NCLogowear is here to help! They use the latest, state-of-the-art equipment and software to create the highest quality.",,,order@nclogowear.com,1(919)821-4646,,http://nclogowear.com/,United States,North Carolina,27606,4429 Beryl Road,,http://nclogowear.com/,https://www.facebook.com/NCLogowear/?ref=ts,https://www.twitter.com/nclogowear,,,,,,,False,,,,0,0,,,BREAK,Advertising,Fashion,BREAK
Floor Boys,2006-01-01,Floor Boys is a supplier of multiple types of floor coverings for home and business.,,,info@floorboys.com,(803)359-0507,,http://www.floorboys.com,United States,South Carolina,29072,5001 Sunset Blvd,,http://www.floorboys.com,https://www.facebook.com/floorboys,https://www.twitter.com/floor_boys,,,,,,,False,,,,0,0,,,BREAK,Home and Garden,BREAK
Novant Health Randolph OB/GYN,,Novant Health Randolph OB/GYN is one of the Charlotte area’s oldest and most respected obstetrical and gynecological practices.,1,10,,+1 (704) 333-4104,,https://www.nhrandolphobgyn.org,United States,North Carolina,28031,"17810 Statesville Road, Suite 321",,https://www.nhrandolphobgyn.org,https://www.facebook.com/novanthealth,https://www.twitter.com/novanthealth,https://www.linkedin.com/company/novant-health,,,,,,False,,,,0,0,,,BREAK,Outpatient Care,Health Care,Medical,BREAK
Southeastern Freight Lines,1949-01-01,Southeastern Freight Lines is a freighting company that provides local and national transportation services for goods.,5001,10000,helpdesk@sefl.com,(704) 588-8633,,https://www.sefl.com,United States,South Carolina,29073,420 Davega Road,,https://www.sefl.com,https://www.facebook.com/southeasternfreight,https://www.twitter.com/sefreightlines,https://www.linkedin.com/company/southeastern-freight-lines,,,,,,False,,,,0,0,,,BREAK,BREAK
1 Year Installment Loans,2016-06-17,Find Excellent Financial Service With The Support of 1 Year Installment Loans And Remove Your Financial Difficulties,,,,,,http://www.1yearinstallmentloans.net/,United States,North Carolina,28280,Charlotte,north carolina,http://www.1yearinstallmentloans.net/,https://www.facebook.com/Loans1years/?ref=aymt_homepage_panel,https://twitter.com/Loans1years,,,,,,,False,,,,0,0,,,Hannah,Johnson,1989-01-14,,https://api.crunchbase.com/v3.1/people/hannah-johnson,BREAK,Financial Services,BREAK
Rediscovery Life Sciences,,"Compared with traditional drug development, repurposing produces results more efficiently",1,10,,(703)915-4493,,http://www.rediscoveryls.com/,United States,South Carolina,29401,8 Church Street,,http://www.rediscoveryls.com/,,,,,,,,,False,,,,1500000,0,,,Ed,Kahn,,,https://api.crunchbase.com/v3.1/people/ed-kahn,Dennis,Underwood,,,https://api.crunchbase.com/v3.1/people/dennis-underwood,Daniel,Behr,,"Daniel is a serial entrepreneur, venture investor and technology transfer professional. He brings 25 years of experience in startups, innovation and technology commercialization, both in the life and physical sciences. He was a co-founder and Senior VP of Access BridgeGap Ventures (early-stage biopharma investments); a Director of Technology Ventures at Allied Minds (creating and funding startups out of universities); and a Director of Business Development at Harvard University’s Office of Technology Development (technology transfer office). Daniel is also co-founder of Rediscovery Life Sciences (drug repurposing), In-USA (ozone instrumentation), Compact Instruments (mass spectrometers, acquired by MKS), Arradiance (atomic layer deposition) and Seed Partners (seed-stage angel fund). Before starting his first company, Daniel was a business strategy Consultant at Bain & Co. and a Materials Research Engineer at Albany International. He earned his MBA from the Harvard Business School and his BS in Engineering from the Georgia Institute of Technology, and he speaks Spanish (native proficiency) and German (conversational).",https://api.crunchbase.com/v3.1/people/daniel-behr,BREAK,Biopharma,Pharmaceutical,BREAK
Southeastern Regional Medical Center,1906-01-01,Southeastern Regional Medical Center,11,50,guestserfb@srmc.org,910-671-5000,,http://www.srmc.org/main/,United States,North Carolina,28359,300 West 27th Street P.O. Box 1408,,http://www.srmc.org/main/,https://www.facebook.com/southeastern-regional-medical-center-164302921589,,,,,,,,False,,,,0,0,,,BREAK,Health Care,Medical,BREAK
Synergy Trading,,Synergy Trading is a importer company specialized in confectionery products.,1,10,,14124274325,,http://www.synergytr.com/,United States,North Carolina,27106,,,http://www.synergytr.com/,,,,,,,,,True,,,,0,0,,,BREAK,Food and Beverage,BREAK
Sls Oncology LLC,,Sls Oncology LLC is a Biotechnology company.,,,,,,,United States,North Carolina,27713,207 Booth Meadow Lane,,,,,,,,,,,False,,,,0,0,,,BREAK,Biotechnology,BREAK
HitsTech,2007-06-01,"An information technology company that provides customized IT solutions for the specific needs of government, public, and private sectors.",11,50,support@hitstech.net,(828) 695-9440,,http://hitstech.net/,United States,North Carolina,28613,103 6th Ave NE,,http://hitstech.net/,https://www.facebook.com/hitstech,https://www.twitter.com/hitstech,https://www.linkedin.com/company/hitstech,,,,,,False,,,,0,0,,,BREAK,Government,Information Services,Information Technology,BREAK
RMS Healthcare Management,2004-01-01,"RMS Healthcare Management provides management services to Med First Immediate Care and Family Practice, P.A.",,,,,,,United States,North Carolina,28546-5266,312 Dolphin Drive,,,,,,,,,,,False,,,,0,0,,,BREAK,Professional Services,BREAK
